,0,1,2,3,4,5,6
0,903499.44,41152.758,344875.47,718414.1,315499.66,156218.4,-22644.898
1,903990.2,35892.9,355015.06,702977.4,298702.34,162880.16,2852.9766
2,834329.0,15892.242,321032.56,640962.56,275039.9,143318.62,2255.6484
3,721434.06,-25930.64,266523.6,529385.6,229241.28,94190.04,-7234.6797
4,593249.8,-52542.297,199883.53,394082.25,191533.72,40444.4,-14798.422
5,511824.6,-66954.08,157688.25,317930.9,160918.56,13327.477,-12880.461
6,444167.9,-73336.49,112312.93,260195.69,128504.13,-3667.211,-12988.531
7,358978.9,-83007.02,55726.695,196752.31,96832.086,-24141.406,-10828.594
8,286281.72,-83959.875,8879.305,140042.9,69762.4,-35730.516,-9470.75
9,217888.5,-73828.24,-30100.758,86201.32,42293.883,-41450.254,-12624.711
10,151752.31,-60916.906,-61861.8,41255.54,11009.891,-43079.066,-17193.945
11,104826.38,-46987.277,-79144.17,9399.031,-13281.805,-42203.258,-22938.445
12,69896.305,-40602.992,-92569.734,-9378.141,-32063.383,-42555.74,-32050.062
13,35853.18,-34572.902,-96994.12,-28169.133,-52348.223,-46117.312,-37233.848
14,16103.3125,-30963.953,-94355.27,-39271.72,-65634.27,-51801.258,-41415.89
15,-1390.0547,-30927.074,-96593.664,-46700.6,-76562.46,-55865.668,-48491.273
16,-14984.484,-31746.043,-90423.46,-50651.766,-83539.53,-56580.566,-47583.7
17,-29110.602,-28438.602,-85446.25,-54173.83,-90357.04,-56608.97,-50828.96
18,-40739.812,-28450.094,-82968.85,-57339.438,-96741.0,-58690.15,-54240.35
19,-48551.883,-30201.742,-85783.45,-60363.094,-101592.91,-61858.406,-59156.312
20,-54550.742,-33763.836,-90120.6,-62886.234,-105343.82,-66637.08,-63299.184
21,-52760.76,-39062.74,-93070.1,-61580.844,-104516.22,-69579.516,-62393.062
22,-40154.992,-42099.355,-90488.23,-54807.535,-97328.02,-67666.914,-54816.914
23,-33146.598,-43921.676,-97899.43,-52914.715,-95695.85,-68647.59,-59687.94
24,-25447.14,-56785.863,-108972.18,-48971.668,-95173.23,-75877.06,-63077.875
25,-14502.219,-67870.83,-112772.2,-44193.766,-89676.95,-81812.734,-59832.07
26,603.9375,-72624.03,-109091.13,-37026.992,-79628.72,-82129.53,-54132.363
27,9187.086,-74667.58,-108394.42,-34022.797,-74203.88,-82719.11,-55930.402
28,14373.719,-81443.07,-110575.28,-31670.559,-71662.45,-85416.97,-57160.508
29,9934.859,-93204.125,-124732.64,-33741.902,-75187.17,-95003.984,-67013.66
30,15733.773,-112098.81,-133296.67,-30745.355,-71981.484,-105169.28,-67088.875
31,27032.117,-123592.03,-137064.66,-28634.188,-63797.562,-113365.375,-70560.05
32,33523.125,-133673.31,-137130.78,-27747.922,-57536.613,-117132.37,-73805.64
33,31917.172,-136572.5,-134495.56,-31844.895,-56605.656,-118437.81,-75188.21
34,27720.133,-133327.25,-126556.17,-34337.76,-57458.95,-114354.51,-71377.61
35,29773.812,-124442.33,-113068.484,-32174.45,-54981.695,-103859.17,-64677.008
36,31844.648,-113928.62,-101842.6,-28856.164,-53423.543,-92354.625,-59793.484
37,23708.14,-107089.52,-100553.5,-30539.492,-58883.11,-87026.92,-60180.906
38,10334.242,-102720.82,-101227.59,-35637.652,-66486.69,-84816.09,-60465.086
39,3847.9922,-94487.24,-94553.13,-38699.074,-67789.69,-79246.086,-56762.75
40,-11389.664,-83210.836,-94383.12,-46626.8,-72275.27,-72894.305,-61267.883
41,-24580.469,-76221.66,-94524.31,-53023.36,-76633.96,-67591.66,-62491.5
42,-32594.371,-70607.99,-94086.516,-57174.656,-77954.984,-63942.957,-63231.836
43,-40217.473,-66275.3,-94838.4,-61032.8,-79084.73,-61260.37,-64960.223
44,-44709.08,-62688.703,-91857.47,-63082.395,-78267.73,-57847.598,-63216.254
45,-47889.953,-58330.297,-89002.53,-64210.57,-76665.88,-53954.535,-62075.246
46,-56387.492,-55196.562,-88093.375,-68014.87,-77822.086,-53144.89,-64258.605
47,-59513.86,-54445.66,-84134.02,-68704.5,-76739.09,-52640.9,-62618.203
48,-58447.62,-52767.27,-78175.6,-66736.945,-73381.836,-50380.844,-58967.39
49,-59577.38,-51130.957,-74978.56,-66497.805,-71982.5,-49939.113,-58536.336
50,-58523.254,-50496.777,-70671.92,-65076.19,-70296.03,-49619.7,-56250.96
51,-57683.477,-49900.01,-66771.22,-63657.992,-68384.84,-49656.96,-54712.523
52,-58445.754,-51542.934,-63560.465,-63108.04,-67243.266,-52433.707,-54951.562
53,-58220.156,-53374.625,-60956.03,-62324.707,-66118.86,-54789.84,-54875.3
54,-59317.93,-55111.055,-60576.06,-62560.723,-65956.08,-57445.3,-56327.734
55,-60715.715,-57424.06,-61022.2,-62949.684,-66274.94,-60123.523,-58066.633
56,-62695.156,-60466.594,-62122.16,-63602.477,-66868.72,-62712.527,-60347.293
57,-66302.04,-63451.668,-64674.31,-65746.17,-68611.67,-65855.195,-64016.79
58,-68737.33,-66010.016,-66318.164,-67447.305,-70220.336,-68145.15,-66370.95
59,-71437.234,-67413.77,-68638.27,-69437.04,-72077.57,-69901.59,-68703.586
60,-74649.51,-68992.23,-71652.65,-71883.93,-74503.66,-72133.66,-71486.83
61,-80109.74,-71373.92,-76943.445,-76182.516,-78501.945,-75870.44,-76426.72
62,-83375.19,-74319.42,-80521.125,-78833.79,-81689.19,-78668.07,-79267.36
63,-90651.28,-78318.836,-87563.89,-84613.9,-87109.49,-83724.625,-85974.875
64,-95002.03,-83265.64,-92266.586,-88275.484,-91412.016,-88010.02,-89978.72
65,-97626.46,-87360.79,-95183.02,-90512.82,-94162.79,-90931.266,-92628.54
66,-97781.98,-89913.234,-95722.31,-90917.266,-95079.1,-92023.586,-93042.13
67,-97388.45,-91090.49,-95692.71,-90958.25,-95416.39,-92158.95,-92934.05
68,-99888.21,-92793.445,-98159.08,-93593.125,-97799.25,-94015.52,-95529.92
69,-99325.1,-94362.25,-98326.14,-93759.44,-98363.61,-94633.47,-95500.4
70,-97282.2,-94557.62,-96998.375,-92546.58,-97392.984,-93587.46,-94157.484
71,-95259.18,-93838.96,-95442.71,-91441.21,-96182.67,-92089.57,-92737.02
72,-92903.414,-92687.56,-93630.86,-90034.36,-94716.945,-90269.766,-90927.22
73,-92880.21,-92089.484,-93868.32,-90456.234,-94699.836,-89778.25,-91119.06
74,-90743.45,-91492.28,-92525.914,-88981.31,-93478.18,-88427.97,-89424.26
75,-92330.58,-91489.836,-94108.28,-90528.336,-94270.68,-88977.67,-91032.945
76,-93299.94,-92551.234,-95665.03,-91527.99,-95265.75,-89899.67,-92038.66
77,-94483.484,-93897.95,-97291.125,-92598.75,-96182.58,-90995.61,-93317.14
78,-95269.4,-95179.61,-98294.03,-93438.34,-96779.44,-92027.89,-94272.23
79,-94807.09,-95816.48,-98063.836,-93305.56,-96476.71,-92198.32,-94133.93
80,-94229.96,-95731.01,-97337.52,-93185.805,-95853.02,-92121.98,-93908.86
81,-96127.71,-96380.89,-98622.914,-95054.1,-97037.1,-93575.75,-95727.914
82,-96004.234,-97085.48,-98480.76,-95298.18,-97192.48,-94427.945,-95969.945
83,-95935.15,-97194.86,-98093.89,-95517.26,-97015.516,-94871.49,-96274.18
84,-95771.15,-97108.63,-97607.086,-95652.52,-96812.5,-95164.75,-96386.03
85,-98248.29,-98093.94,-99407.82,-97904.3,-98574.266,-97121.59,-98657.8
86,-95558.14,-97659.45,-97132.06,-95918.78,-96893.8,-96334.52,-96844.06
87,-95012.914,-96642.87,-96108.39,-95582.45,-96028.99,-95728.77,-96444.23
88,-92857.2,-95274.79,-93868.28,-93937.984,-94340.18,-94535.945,-94687.766
89,-91029.26,-93623.14,-91817.836,-92444.99,-92632.0,-93158.55,-93064.77
90,-87964.086,-91456.1,-88751.336,-89903.36,-90081.36,-90943.57,-90345.375
91,-85709.12,-89254.73,-86374.37,-87924.38,-87900.586,-88797.13,-88048.766
92,-83873.805,-87430.87,-84461.16,-86278.91,-86115.83,-87124.86,-86145.13
93,-83588.164,-86293.01,-84020.195,-85867.305,-85455.34,-86411.375,-85578.48
94,-80291.375,-84454.85,-81005.14,-83119.99,-83007.45,-84124.83,-82636.52
95,-79134.664,-82660.95,-79672.08,-81943.26,-81443.625,-82546.336,-81226.414
96,-77271.766,-81010.61,-77864.67,-80362.79,-79806.14,-80890.13,-79330.52
97,-75202.19,-79232.18,-75814.91,-78600.59,-77953.445,-79050.875,-77267.55
98,-75105.93,-78076.11,-75565.42,-78374.69,-77306.09,-78372.984,-76877.63
99,-73990.33,-77044.75,-74532.64,-77484.59,-76396.63,-77371.64,-75724.01
100,-73745.016,-76206.87,-74255.12,-77125.15,-75869.36,-76751.25,-75271.984
101,-74923.44,-76219.48,-75317.9,-77796.57,-76449.18,-77310.81,-76131.24
102,-76371.64,-76906.21,-76691.445,-78724.375,-77530.164,-78419.24,-77373.2
103,-78453.48,-77957.97,-78689.734,-80138.06,-79091.91,-79869.56,-79161.95
104,-81076.695,-79653.62,-81194.32,-82026.44,-81198.87,-81934.22,-81540.57
105,-82130.17,-81045.77,-82325.625,-82775.734,-82410.5,-83069.91,-82577.37
106,-81436.81,-81446.43,-81741.62,-82148.75,-82219.14,-82827.33,-82016.54
107,-80049.08,-80999.18,-80362.42,-80934.516,-81281.2,-81858.03,-80731.63
108,-77608.234,-79798.31,-77940.77,-78966.1,-79559.62,-80104.375,-78484.59
109,-73056.88,-77476.25,-73428.39,-75381.24,-76385.64,-76873.016,-74296.625
110,-69134.836,-74712.28,-69306.2,-72224.03,-73221.67,-73737.734,-70527.14
111,-66700.47,-72497.91,-66670.41,-70223.31,-70973.46,-71795.1,-68190.7
112,-64836.73,-70923.11,-64683.992,-68520.484,-69212.16,-70496.3,-66412.164
113,-62803.152,-69450.11,-62587.86,-66687.12,-67392.766,-68964.13,-64511.086
114,-60869.14,-68012.45,-60643.195,-64971.008,-65467.703,-67175.836,-62675.055
115,-62316.188,-67648.39,-61744.094,-65737.375,-65296.18,-67465.234,-63851.996
116,-62947.56,-67472.625,-61866.504,-65908.5,-65609.56,-67590.48,-64135.266
117,-61326.254,-66716.2,-59932.57,-64233.72,-64664.62,-66177.15,-62210.336
118,-61011.59,-65680.836,-59319.285,-63272.484,-63924.426,-65015.816,-61338.938
119,-60144.5,-64695.164,-58154.703,-62022.4,-63152.062,-63537.3,-59923.336
120,-61870.438,-64339.273,-59372.973,-62540.395,-63707.97,-63659.47,-60966.934
121,-62395.656,-64338.188,-59387.254,-62399.656,-64262.973,-63715.2,-60917.254
122,-65285.98,-64723.516,-61818.64,-64077.32,-65826.1,-64992.805,-63193.48
123,-67595.945,-65519.812,-63807.227,-65536.44,-67780.25,-66486.28,-64878.438
124,-67892.28,-66499.23,-63775.492,-65415.668,-68668.125,-67002.97,-64721.92
125,-66227.03,-66124.8,-61985.04,-63772.363,-68058.81,-65929.234,-62738.965
126,-63098.13,-64928.562,-59036.6,-61359.43,-65876.08,-63065.44,-59573.824
127,-61934.58,-63456.105,-58017.47,-60368.203,-64497.54,-61360.254,-58433.88
128,-61449.645,-62242.64,-57358.55,-59883.04,-63975.65,-60432.188,-57753.426
129,-61416.332,-61406.285,-57049.79,-59657.047,-63822.297,-59915.75,-57481.016
130,-63006.047,-60802.44,-58407.55,-60612.78,-64675.36,-60507.324,-58791.22
131,-62831.723,-60127.53,-58200.0,-60349.266,-65171.316,-60439.066,-58221.445
132,-62000.734,-58939.465,-57423.51,-59448.04,-65114.285,-59445.83,-56834.055
133,-61999.45,-57140.312,-57665.92,-59337.87,-65437.805,-58681.676,-56367.27
134,-62449.926,-55335.137,-58506.293,-59872.7,-66313.44,-58264.242,-56373.684
135,-61283.293,-53377.773,-58008.88,-59327.86,-66589.01,-56977.45,-54776.055
136,-63821.004,-51838.637,-60997.945,-61446.78,-68475.81,-57594.465,-57071.59
137,-64698.08,-51559.02,-62542.605,-62505.94,-70035.02,-58165.945,-57609.215
138,-63460.656,-50948.316,-62097.23,-61706.25,-70155.45,-57042.17,-56030.28
139,-64358.22,-50454.37,-63117.81,-62179.21,-70799.4,-56897.742,-56804.062
140,-63727.57,-50508.914,-62387.496,-61687.84,-70891.625,-56806.87,-55969.547
141,-62357.477,-49829.285,-60995.1,-60778.59,-70442.22,-55935.918,-54583.527
142,-61770.895,-48720.39,-60493.438,-60583.137,-70250.07,-55244.082,-54178.066
143,-61375.496,-47897.69,-60283.39,-60614.867,-70155.414,-54942.99,-53966.902
144,-62748.89,-47691.992,-61882.73,-61838.258,-70874.45,-55676.92,-55536.246
145,-61845.285,-47184.156,-61931.816,-61693.49,-70890.21,-55007.902,-54642.613
146,-61558.22,-46206.594,-62467.65,-61741.207,-70934.36,-54237.98,-54451.8
147,-62930.715,-46218.727,-64057.305,-62784.836,-71669.41,-54864.945,-55865.152
148,-66588.53,-47512.97,-67765.29,-65465.227,-73890.56,-57348.754,-59480.535
149,-68410.81,-49943.613,-69721.35,-66728.42,-75294.7,-59488.92,-61036.6
150,-69892.93,-51551.348,-71778.7,-67781.61,-76442.25,-60523.51,-62423.9
151,-69075.6,-52584.75,-71484.77,-67229.29,-76236.62,-60049.105,-61546.93
152,-67629.97,-51846.48,-71107.91,-66451.75,-75822.586,-58447.758,-60360.34
153,-64506.375,-50278.15,-68924.195,-64577.97,-74539.97,-55801.562,-57493.652
154,-63604.58,-48298.316,-68186.37,-64411.82,-74238.92,-54432.35,-57086.324
155,-58882.297,-46689.668,-63121.39,-61338.6,-71785.94,-51790.33,-52302.562
156,-55099.375,-43900.445,-58362.766,-58623.95,-68908.62,-48794.37,-48707.5
157,-56209.297,-41568.004,-58657.23,-59858.336,-68807.766,-49038.215,-50319.742
158,-62787.58,-42486.54,-64882.812,-65143.5,-71971.516,-53761.53,-57328.273
159,-63863.242,-45683.89,-67009.92,-66285.016,-72826.234,-56166.414,-58147.29
160,-63225.773,-47239.605,-67590.45,-65374.477,-72096.35,-55598.074,-57388.2
161,-61636.133,-47623.516,-66329.68,-63511.71,-70570.28,-53661.094,-55474.57
162,-60196.395,-47519.797,-64007.793,-61676.668,-69243.25,-52283.293,-53645.062
163,-58617.195,-46798.695,-61191.402,-60218.484,-68242.88,-51211.527,-51850.64
164,-55943.555,-45212.133,-57573.09,-58494.6,-66901.33,-49610.89,-49200.926
165,-51059.582,-42707.117,-52118.285,-55290.535,-64361.625,-46774.14,-44484.11
166,-48646.883,-38633.41,-49783.34,-54149.008,-62918.086,-44313.78,-42512.605
167,-47586.844,-35811.53,-49079.266,-53913.945,-62263.85,-43271.875,-41832.066
168,-44325.457,-34743.934,-45914.082,-51350.652,-60331.234,-41461.93,-38403.594
169,-47150.34,-33837.004,-48496.895,-52508.0,-60805.758,-42309.156,-41369.805
170,-53974.84,-36665.57,-54148.793,-56370.473,-63840.01,-47450.13,-47981.996
171,-58971.605,-41734.395,-57972.85,-59028.29,-66427.21,-51600.1,-52151.773
172,-63026.48,-45887.164,-60858.598,-60981.047,-68646.23,-54402.746,-55116.973
173,-67734.25,-48509.984,-64968.688,-63704.754,-71642.47,-57515.58,-58989.22
174,-72333.69,-51040.72,-69785.09,-66961.53,-75372.83,-61019.906,-63068.438
175,-72182.3,-53583.348,-70145.76,-66468.58,-76523.47,-61968.6,-62251.78
176,-74002.03,-54745.938,-71934.53,-67459.27,-78311.97,-63148.59,-64080.51
177,-75379.54,-55878.055,-73553.53,-68731.52,-80320.02,-64686.562,-65568.3
178,-76273.47,-56675.8,-75390.08,-69837.03,-82190.805,-65891.66,-66771.22
179,-71550.41,-56147.21,-72115.35,-66898.56,-80421.86,-63374.566,-62299.56
180,-66190.55,-52536.383,-68161.41,-63722.953,-77821.22,-58916.438,-57869.92
181,-59850.09,-47921.273,-62594.133,-60051.992,-74374.78,-53311.656,-52115.492
182,-57161.684,-42485.74,-60800.773,-59445.438,-72974.95,-49676.19,-50468.555
183,-56616.844,-38738.49,-61533.18,-60715.703,-72803.625,-48373.13,-50831.758
184,-55960.098,-36526.066,-62827.934,-62003.95,-72645.08,-47842.332,-50991.527
185,-52435.945,-35119.1,-60722.555,-60613.867,-70156.45,-45708.688,-47717.28
186,-52314.688,-33468.066,-61226.91,-60813.67,-68931.59,-44417.688,-47942.3
187,-52388.848,-32520.168,-62532.1,-61253.664,-68453.73,-43553.91,-48140.527
188,-56429.875,-31800.387,-69371.24,-64982.523,-70865.36,-45119.18,-53256.055
189,-56483.324,-33890.004,-72317.19,-65784.484,-71562.74,-46230.473,-53558.31
190,-55523.633,-35696.16,-72390.766,-65038.586,-71316.03,-46493.67,-52872.188
191,-56899.242,-36904.867,-72552.67,-65308.242,-72243.82,-47738.727,-54181.562
192,-58867.152,-39108.05,-72122.75,-65516.555,-73386.484,-49297.26,-55208.47
193,-62051.625,-41669.586,-72603.26,-66251.71,-74795.72,-51675.074,-57350.812
194,-64632.797,-44783.57,-72141.5,-66586.68,-75859.79,-54453.92,-58767.65
195,-66285.26,-47791.363,-70714.03,-66522.625,-76277.37,-57109.78,-59536.383
196,-70461.74,-50819.38,-72691.72,-68711.8,-77855.81,-60537.99,-63421.742
197,-75855.45,-55043.992,-76983.28,-72327.58,-80639.195,-65238.055,-68591.01
198,-76706.06,-59530.535,-77497.74,-72572.6,-81018.88,-67596.16,-69090.13
199,-72712.26,-60598.76,-73889.51,-69219.63,-78424.58,-65387.32,-65120.11
200,-74637.93,-59931.914,-75682.766,-70601.305,-79156.71,-65398.52,-67406.36
201,-74147.64,-60351.38,-75689.75,-70767.5,-79401.375,-65276.523,-66965.49
202,-74878.664,-60629.78,-76911.37,-71747.99,-80036.266,-65671.09,-68104.13
203,-75552.35,-61227.68,-78260.93,-72883.234,-80862.766,-66295.836,-69124.56
204,-75364.125,-61651.02,-79306.37,-73400.16,-81247.62,-66169.14,-69357.11
205,-71867.79,-61197.836,-76923.664,-71267.13,-79403.81,-63981.59,-66278.67
206,-72742.695,-60145.83,-78220.32,-72299.54,-79677.43,-63512.676,-67758.7
207,-74947.35,-60873.938,-81102.69,-74518.805,-81423.734,-64945.523,-70233.18
208,-74103.08,-62091.49,-81602.086,-74308.555,-81352.914,-64993.633,-69702.92
209,-77133.47,-63601.535,-84428.5,-76502.42,-82631.734,-66913.88,-73005.125
210,-81307.086,-67229.86,-87410.6,-79528.266,-84979.445,-70878.75,-76839.14
211,-85887.26,-71896.88,-90683.72,-82882.805,-87583.64,-75654.555,-81215.81
212,-82668.875,-74806.25,-87588.03,-80358.97,-85829.414,-75526.3,-78154.234
213,-76176.26,-73342.164,-80897.5,-74976.766,-81173.03,-70989.516,-72216.95
214,-72366.34,-70045.16,-76037.09,-71781.836,-77867.36,-67128.555,-68664.75
215,-71151.32,-67954.85,-73541.48,-70906.42,-76525.55,-66102.516,-67628.24
216,-70925.18,-66913.82,-72702.01,-71089.625,-75975.945,-66338.01,-67770.05
217,-74566.03,-67646.945,-75732.25,-74375.78,-77737.805,-69288.33,-71677.32
218,-76569.74,-69489.086,-77972.21,-76491.6,-79222.8,-71565.734,-73814.33
219,-80093.08,-72076.76,-81395.25,-79522.72,-81336.7,-74602.875,-77397.87
220,-83005.55,-75349.11,-84171.54,-82015.42,-83443.06,-77752.79,-80369.74
221,-86699.63,-78958.83,-87599.08,-84769.1,-86154.945,-81324.61,-84069.266
222,-85581.45,-81206.71,-86742.57,-83820.336,-86037.76,-81930.11,-83322.41
223,-83900.234,-81334.05,-85010.76,-82346.54,-84834.766,-81033.625,-82009.43
224,-82106.21,-80700.86,-82966.945,-81081.21,-83516.73,-79991.766,-80564.09
225,-80127.34,-79732.88,-80749.58,-79707.03,-82093.32,-78878.42,-78967.07
226,-83116.4,-80008.86,-83211.96,-82275.67,-83805.91,-80602.36,-81814.54
227,-82197.38,-80526.77,-82788.18,-81802.555,-83953.24,-80546.195,-81124.78
228,-82110.25,-80481.73,-82761.98,-81792.555,-83781.35,-80359.29,-81168.6
229,-82313.08,-80849.47,-82768.74,-82227.47,-83822.11,-80954.45,-81570.35
230,-80797.76,-80510.55,-81406.22,-81253.2,-82823.625,-80242.64,-80356.53
231,-79806.31,-79826.79,-80361.54,-80578.625,-81855.95,-79540.2,-79533.805
232,-77099.875,-78462.88,-77837.91,-78515.17,-79892.93,-77699.98,-77103.97
233,-78374.39,-77834.53,-78858.91,-79472.914,-80148.89,-77962.21,-78136.54
234,-78125.74,-77849.35,-78782.77,-79461.63,-80162.78,-78087.445,-78003.66
235,-76050.56,-77254.83,-76820.445,-77923.42,-78705.35,-77072.67,-76334.86
236,-76348.7,-76606.45,-76954.4,-78068.81,-78349.15,-76846.22,-76518.414
237,-76966.7,-76529.164,-77612.55,-78587.85,-78704.7,-77107.92,-77002.31
238,-79215.97,-77437.82,-79762.41,-80325.39,-80219.69,-78670.96,-79066.695
239,-78905.71,-77974.555,-79750.42,-80103.164,-80411.555,-78738.34,-78813.25
240,-79486.95,-78107.28,-80400.26,-80338.945,-80728.42,-78736.734,-79173.016
241,-78505.14,-77771.65,-79711.086,-79451.945,-80252.79,-77797.69,-78074.055
242,-77736.39,-77326.39,-78910.484,-78705.195,-79646.61,-77167.49,-77328.125
243,-77847.586,-77595.62,-78607.9,-78834.63,-79584.23,-77901.0,-77715.984
244,-77581.73,-78063.37,-78001.51,-78761.45,-79416.78,-78663.98,-77876.65
245,-76887.56,-78245.35,-77022.17,-78374.95,-78951.24,-78967.94,-77604.1
246,-77268.43,-78535.37,-77090.266,-78732.695,-79045.87,-79648.81,-78150.2
247,-77969.23,-78768.25,-77681.58,-79295.22,-79508.07,-80198.734,-78806.99
248,-76152.27,-78298.31,-76008.58,-77890.41,-78490.62,-79208.625,-77225.79
249,-74502.2,-77129.58,-74357.17,-76449.35,-77096.25,-77775.08,-75570.055
250,-73862.94,-76125.836,-73675.195,-75858.55,-76344.36,-76951.64,-74802.83
251,-73750.125,-75509.71,-73574.195,-75704.266,-76120.44,-76610.555,-74577.25
252,-73552.59,-75197.07,-73403.76,-75459.3,-75951.45,-76425.76,-74352.484
253,-73699.91,-75104.0,-73528.95,-75427.945,-75938.945,-76504.625,-74457.016
254,-74555.08,-75374.87,-74306.086,-75948.74,-76421.625,-77097.59,-75207.34
255,-74813.42,-75761.695,-74546.945,-76084.96,-76681.03,-77452.164,-75492.47
256,-75734.16,-75861.92,-75459.04,-76652.44,-77236.45,-77736.28,-76145.22
257,-75775.04,-76091.51,-75553.56,-76655.836,-77442.96,-77795.38,-76139.05
258,-74190.41,-75609.805,-74032.66,-75364.11,-76520.05,-76701.31,-74605.07
259,-73550.5,-74875.2,-73274.664,-74716.27,-75841.016,-75884.73,-73828.14
260,-72611.164,-74325.32,-72248.78,-73969.01,-75185.34,-75244.04,-72930.23
261,-72405.56,-74007.67,-71884.82,-73737.6,-74902.8,-75089.1,-72726.734
262,-73118.48,-74443.98,-72367.97,-74209.375,-75284.695,-75919.28,-73507.05
263,-73358.734,-74557.81,-72573.39,-74359.484,-75504.82,-76162.0,-73735.2
264,-73025.84,-74536.35,-72236.26,-74033.8,-75332.22,-76033.57,-73435.58
265,-72705.32,-74516.95,-71894.64,-73675.36,-74973.35,-75852.95,-73201.07
266,-70782.81,-73754.22,-70014.58,-72042.125,-73689.05,-74542.06,-71369.83
267,-70164.5,-72808.766,-69282.64,-71318.3,-72884.55,-73746.43,-70591.875
268,-71205.7,-72321.164,-70236.17,-72022.055,-73333.92,-73995.42,-71326.68
269,-72062.83,-72490.62,-71115.96,-72731.09,-74083.64,-74514.83,-72055.5
270,-73391.6,-72917.73,-72478.33,-73678.2,-75018.19,-75122.28,-73160.29
271,-76117.88,-74104.89,-75120.41,-75740.16,-76854.555,-76756.03,-75591.83
272,-77798.34,-75622.09,-76773.43,-77035.81,-78398.79,-78081.79,-77082.55
273,-79488.53,-76900.05,-78342.59,-78268.1,-79782.625,-79270.164,-78505.734
274,-82729.625,-78672.68,-81368.25,-80870.69,-82187.81,-81565.39,-81436.74
275,-85671.33,-81071.33,-84227.73,-83354.25,-84818.375,-84049.49,-84182.66
276,-85954.3,-82592.28,-84750.664,-83721.58,-85657.7,-84719.88,-84528.0
277,-86656.19,-83424.2,-85467.74,-84346.625,-86341.586,-85215.65,-85160.09
278,-86059.055,-83854.414,-84980.19,-84113.12,-86204.805,-85135.76,-84758.62
279,-86455.21,-84190.23,-85332.53,-84642.06,-86546.625,-85518.35,-85245.1
280,-87268.01,-84763.555,-86231.305,-85590.26,-87356.84,-86215.25,-86127.0
281,-85405.73,-84525.33,-84802.01,-84360.57,-86433.945,-85249.57,-84661.69
282,-82843.45,-83206.336,-82488.65,-82478.95,-84535.78,-83287.13,-82425.99
283,-81491.305,-81852.26,-81187.4,-81562.49,-83295.414,-81904.31,-81159.914
284,-77383.83,-79678.59,-77498.15,-78484.195,-80478.7,-78912.586,-77478.94
285,-74285.66,-76979.64,-74527.97,-76046.37,-77769.125,-75973.39,-74509.09
286,-70941.08,-74120.49,-71424.18,-73474.1,-75078.56,-72884.73,-71232.88
287,-68498.016,-71423.34,-69165.13,-71579.39,-72869.77,-70324.27,-68746.234
288,-65498.992,-68970.445,-66344.164,-69375.55,-70458.14,-67830.08,-65850.125
289,-64054.74,-66814.445,-64933.773,-68297.266,-68784.28,-66166.79,-64321.914
290,-63068.094,-65464.125,-63966.28,-67456.67,-67721.35,-65321.023,-63266.508
291,-62354.375,-64553.75,-63241.027,-66500.3,-66980.98,-64844.52,-62427.145
292,-62035.973,-63758.9,-62890.035,-65833.78,-66510.76,-64512.855,-61910.863
293,-62513.19,-63420.418,-63306.035,-65829.58,-66511.09,-64685.062,-62229.348
294,-60815.367,-63044.836,-61614.89,-64221.82,-65577.88,-63767.145,-60536.656
295,-59897.61,-62573.027,-60394.957,-62913.453,-64661.766,-63154.277,-59594.453
296,-58372.793,-62954.42,-58064.484,-61091.43,-63620.08,-62819.617,-58187.973
297,-59027.52,-63599.844,-57902.21,-60955.67,-63123.61,-62814.266,-58777.465
298,-59841.625,-64193.812,-57738.863,-61110.742,-62857.89,-62563.855,-59247.633
299,-63040.055,-65356.812,-59656.793,-62995.246,-64081.375,-64101.016,-61886.465
300,-67137.875,-67504.45,-62624.77,-65873.36,-66419.49,-66867.09,-65403.668
301,-67772.86,-68870.77,-62836.848,-66163.78,-67367.53,-67774.78,-65707.96
302,-69193.625,-69538.81,-64014.004,-66880.984,-68268.83,-68541.77,-66761.59
303,-68831.94,-69607.76,-63652.594,-66401.17,-68380.234,-68208.99,-66203.83
304,-67768.25,-68677.734,-62821.297,-65265.844,-67939.23,-67065.9,-64889.89
305,-66746.266,-67279.914,-62044.336,-64161.523,-67521.89,-65855.14,-63550.766
306,-63967.625,-65569.75,-59552.793,-61903.473,-66044.51,-63412.8,-60582.023
307,-60864.445,-63078.95,-56754.51,-59301.77,-64008.586,-60260.56,-57202.56
308,-59258.316,-60638.31,-55201.793,-57797.645,-62642.434,-58035.344,-55273.29
309,-56700.137,-58114.277,-52687.703,-55661.41,-61115.75,-55284.32,-52256.85
310,-54193.246,-55032.402,-50274.215,-53535.523,-59523.023,-52326.39,-49181.445
311,-54208.766,-52306.355,-50122.59,-53283.37,-59273.668,-51207.18,-48717.625
312,-53558.19,-50538.76,-49178.07,-52718.41,-59191.305,-50177.086,-47483.645
313,-52245.9,-48254.707,-47860.09,-51670.184,-58881.816,-48518.33,-45526.566
314,-52931.05,-46464.035,-48432.496,-52017.664,-59409.234,-48016.39,-45707.066
315,-54479.633,-45304.348,-49815.586,-52948.203,-60808.355,-48456.742,-46687.24
316,-54400.69,-44594.92,-49524.445,-52475.797,-61622.81,-48109.703,-45800.797
317,-53232.125,-43207.08,-48201.46,-51040.168,-61803.586,-46768.508,-43842.01
318,-52265.098,-41749.867,-47002.69,-49809.86,-61794.387,-45254.457,-42316.184
319,-52288.008,-40300.215,-46749.516,-49455.824,-62431.08,-44472.348,-42017.844
320,-52467.72,-39096.992,-46563.1,-49283.035,-63328.598,-44028.035,-41798.043
321,-52543.7,-37685.68,-46414.113,-49048.49,-64246.727,-43505.55,-41459.555
322,-54188.91,-36283.027,-47912.79,-49922.773,-66021.46,-43958.47,-42840.453
323,-54546.87,-34682.73,-48457.29,-50366.24,-67815.15,-44354.035,-42943.06
324,-53925.434,-33043.105,-48214.23,-50155.28,-69074.445,-43803.72,-42015.273
325,-56603.508,-31251.781,-51138.387,-52318.64,-72173.875,-45129.5,-44934.695
326,-58142.594,-31050.113,-53140.938,-53684.73,-74713.89,-46433.883,-46337.73
327,-57554.383,-30031.766,-53551.984,-53474.902,-76609.48,-46546.082,-45605.344
328,-58416.22,-28455.93,-55364.203,-54386.16,-79221.61,-47118.523,-46878.543
329,-57852.277,-26775.117,-56439.93,-54871.29,-81903.766,-47633.535,-46921.812
330,-54299.883,-23701.734,-55951.47,-54192.953,-83594.484,-46313.883,-44724.184
331,-54496.617,-20333.734,-58895.96,-55993.312,-87266.48,-46997.65,-47262.902
332,-51023.62,-18029.977,-59811.902,-56250.438,-89356.56,-46981.863,-46145.54
333,-46041.99,-14909.539,-60374.895,-55568.246,-90115.15,-45555.742,-44318.324
334,-45630.082,-12753.102,-64969.94,-57415.91,-93250.88,-46665.438,-47514.496
335,-43382.348,-13300.242,-68739.375,-58041.734,-95446.42,-48831.5,-48424.094
336,-37723.004,-13615.961,-69475.65,-55915.555,-94400.66,-48714.24,-45575.46
337,-44997.87,-15263.617,-81769.805,-60978.16,-101060.734,-54556.707,-57121.64
338,-45406.855,-24906.062,-89740.23,-61525.805,-103508.05,-61556.555,-58853.785
339,-40903.42,-32144.98,-95587.195,-59379.07,-101862.57,-66336.56,-58841.25
340,-37250.176,-39244.867,-99620.0,-56121.008,-100082.27,-69256.25,-58735.566
341,-36160.91,-48843.773,-109060.06,-55366.906,-101527.89,-75522.78,-65023.07
342,-26770.578,-60122.074,-109271.914,-49730.13,-97023.94,-79266.94,-60098.395
343,-18212.68,-65685.29,-111659.66,-46085.492,-93486.266,-83279.8,-61450.65
344,-3229.5234,-73871.06,-107729.1,-37478.656,-85568.09,-84757.52,-54800.42
345,15575.281,-77492.125,-104346.04,-29625.453,-75978.49,-85985.83,-52062.11
346,22962.148,-84126.51,-106889.51,-24569.797,-72867.11,-88901.57,-53485.88
347,35748.242,-90678.89,-104959.484,-18359.25,-65973.51,-91442.78,-48489.27
348,54556.008,-91358.695,-97501.84,-9663.758,-53642.67,-89325.805,-43020.71
349,73826.29,-88614.555,-86218.75,-475.4453,-41090.56,-83212.21,-37575.45
350,86117.85,-85381.05,-79376.484,5623.3906,-33731.41,-77271.19,-35168.184
351,93618.9,-83299.48,-75589.31,10887.031,-29259.781,-72437.63,-31267.062
352,107189.32,-78943.32,-67738.97,17737.508,-21215.781,-66001.375,-24651.11
353,114525.555,-71746.05,-62677.934,21620.93,-15798.125,-58168.504,-22272.125
354,106927.27,-67445.49,-67952.66,18739.242,-18902.938,-54456.316,-25481.453
355,100837.15,-68482.77,-75328.61,15532.109,-21301.086,-55671.05,-27820.555
356,93383.945,-67799.83,-81179.7,9094.07,-23588.352,-57972.05,-29851.328
357,89111.01,-62231.543,-79412.664,3431.5234,-23448.266,-53966.54,-27573.992
358,76981.76,-50764.9,-80214.586,-5636.008,-27218.648,-46477.727,-29721.008
359,55049.04,-40007.906,-83128.875,-17178.117,-37461.777,-38944.895,-30747.172
360,33317.562,-27075.71,-79752.46,-29355.352,-48629.055,-32985.03,-29503.508
361,9971.227,-15571.57,-79672.28,-41367.777,-61151.695,-31946.547,-35467.324
362,-9389.102,-10399.711,-75581.63,-51591.9,-71773.02,-34586.62,-38343.496
363,-23674.055,-7704.5938,-72925.38,-57863.824,-78695.164,-38401.99,-42874.8
364,-27106.297,-8197.344,-66931.875,-57015.668,-79052.51,-38260.246,-39497.35
365,-35088.37,-8136.336,-66176.99,-58251.71,-81941.234,-39550.23,-43115.137
366,-42027.215,-11506.406,-63371.49,-58073.613,-84464.12,-42515.434,-44093.008
367,-47675.375,-13846.32,-64795.22,-59503.707,-87762.12,-45875.99,-47890.727
368,-49827.598,-16339.039,-65804.9,-60034.652,-89594.414,-48107.61,-49165.188
369,-53094.906,-18442.07,-71053.35,-61896.242,-92867.18,-51395.86,-53547.906
370,-52920.83,-22026.844,-72977.04,-61189.79,-94089.195,-53722.086,-53289.973
371,-52747.2,-24376.75,-76756.11,-60932.285,-95996.99,-55852.22,-55037.043
372,-51696.7,-26884.695,-78312.0,-59907.824,-97037.555,-57290.45,-54897.137
373,-51512.05,-28760.719,-82273.4,-60497.37,-99230.836,-59416.25,-57443.605
374,-46695.953,-30599.75,-81796.83,-58011.734,-98120.055,-59650.906,-54315.367
375,-34577.297,-28580.406,-75603.77,-52216.184,-92545.52,-55135.953,-45949.574
376,-27631.406,-24522.61,-76508.68,-50544.863,-91844.125,-52617.574,-46599.05
377,-20687.156,-24504.969,-77992.72,-48630.816,-91452.01,-52386.766,-45331.883
378,-13024.305,-25154.39,-81947.14,-46428.17,-89977.47,-54073.535,-45317.965
379,-4289.547,-26673.562,-83122.03,-42746.703,-86032.29,-55187.67,-41896.32
380,3206.5781,-27856.094,-86738.19,-40477.445,-82408.766,-56802.266,-42210.223
381,5934.4375,-32455.215,-92173.75,-38414.36,-80747.04,-58975.246,-43870.742
382,13244.031,-36155.332,-92023.08,-34946.527,-75821.43,-59156.734,-40280.65
383,17900.195,-36113.21,-92094.516,-32596.277,-72093.17,-57317.1,-39865.527
384,16893.734,-40799.73,-98326.66,-32198.45,-73364.89,-60278.16,-45152.09
385,28204.695,-49102.996,-95635.57,-26644.04,-68013.6,-63576.312,-38801.79
386,39615.04,-50466.418,-93915.15,-22261.867,-62410.426,-65553.31,-38393.027
387,37966.305,-54350.242,-96541.71,-21531.29,-64109.375,-67294.02,-41096.89
388,37889.508,-58520.47,-97459.625,-21807.992,-65555.14,-71523.914,-41136.22
389,40860.477,-59805.035,-94792.49,-19269.227,-63752.188,-72166.99,-38445.855
390,35660.93,-56408.6,-93225.3,-21514.016,-66484.71,-70671.91,-39720.76
391,38291.742,-55056.15,-89482.21,-19812.258,-64907.25,-68334.22,-37026.598
392,40949.4,-51979.14,-85577.61,-18346.992,-63542.65,-65148.188,-34649.18
393,48271.867,-49382.0,-81630.35,-14179.617,-59484.688,-61111.812,-31161.23
394,51250.805,-43839.996,-76599.27,-13497.109,-58107.414,-56670.96,-27164.922
395,61462.617,-38625.547,-71406.43,-9171.742,-52713.375,-51713.895,-22762.61
396,60431.727,-33872.3,-72982.91,-9801.906,-53968.13,-49201.04,-24188.742
397,60148.977,-33203.695,-75650.414,-10347.3125,-54879.977,-49811.19,-24130.242
398,67421.54,-30389.305,-72058.22,-8634.984,-50142.74,-47427.363,-18329.492
399,70068.195,-27147.758,-77204.09,-8388.523,-48332.676,-47046.14,-23760.172
400,59489.023,-33310.145,-88437.805,-11781.797,-54704.684,-52068.113,-30170.484
401,58341.883,-40509.67,-93376.734,-13639.023,-55891.29,-59196.605,-30042.758
402,61647.867,-42326.156,-92415.02,-12510.875,-53138.734,-60913.824,-29023.812
403,69203.52,-42873.676,-86593.36,-9446.945,-49047.473,-59432.207,-26436.812
404,66611.32,-42968.53,-85603.695,-9734.617,-52587.375,-59364.945,-29221.32
405,56553.85,-41992.59,-81126.66,-12771.1875,-61123.598,-57811.06,-26195.688
406,46710.586,-38864.277,-82986.76,-17365.617,-70399.96,-60720.953,-31459.04
407,41425.914,-39947.113,-80687.47,-17498.14,-76066.37,-63518.13,-28653.828
408,46002.9,-36731.414,-78945.45,-17051.672,-75748.33,-65224.188,-27564.484
409,52607.57,-35205.125,-74572.45,-10949.078,-71853.57,-61627.953,-22948.312
410,67101.13,-32058.328,-69197.16,-4463.8125,-64516.79,-57606.484,-18380.812
411,77103.01,-32961.69,-69742.984,3582.2188,-59607.8,-54529.35,-17804.172
412,87562.43,-34878.48,-66701.58,9725.078,-54833.793,-54386.465,-11131.539
413,101796.57,-32390.605,-63611.312,14796.727,-47632.37,-53865.105,-7557.375
414,124864.23,-32425.523,-54254.492,28061.688,-34585.82,-51597.38,-282.3203
415,140597.81,-31895.5,-51017.73,34235.844,-27567.398,-51140.473,-241.92969
416,153474.5,-38464.797,-49304.14,47011.242,-20319.11,-51312.754,2137.1016
417,183050.22,-41532.598,-38367.324,62279.523,-4326.836,-51708.08,10437.828
418,213893.03,-42121.652,-25488.57,82369.695,14034.602,-47924.43,11677.164
419,241708.03,-43800.336,-6536.836,102350.87,29017.688,-42916.547,18373.68
420,257293.56,-43229.703,-862.85156,109560.9,34142.46,-42139.336,15046.422
421,266627.44,-48304.004,7416.836,127430.71,39803.586,-39896.555,21412.68
422,284680.53,-41761.9,15835.781,130633.23,44171.633,-38443.156,24693.25
423,291952.4,-46604.746,23179.086,152406.31,51539.54,-33371.312,19934.71
424,293362.2,-55947.22,21419.367,159571.31,48801.555,-38771.926,19226.617
425,299342.12,-59703.04,19474.484,165919.62,51385.93,-40730.855,16915.125
426,334570.56,-55070.863,53637.04,200537.28,74002.555,-25295.71,26108.0
427,372379.78,-46100.03,84604.01,221633.1,87898.4,-5028.2266,18812.383
428,394263.3,-51101.94,112302.85,272702.34,105656.54,7952.8594,16994.062
429,425426.8,-50335.938,118609.52,296077.38,107463.54,14398.266,12327.82
430,489166.53,-48117.594,174348.03,392181.22,157445.53,37467.04,11881.828
431,549495.5,-46795.92,216201.84,434137.84,173037.34,53957.008,1013.33594
432,578045.6,-64444.51,231851.0,490621.9,181560.12,60859.914,-18680.047
433,600936.94,-80356.22,231614.94,515643.97,177188.53,57476.555,-36119.97
434,636956.25,-76908.31,251723.0,595541.3,221610.94,72789.71,-49091.45
435,700518.0,-75632.4,284818.3,604577.06,199492.72,71663.836,-49221.87
436,729241.6,-71766.64,283358.97,681287.4,225109.9,94765.96,-69068.89
437,803864.94,-67574.4,326081.06,751152.3,230989.16,105277.336,-66085.75
438,890233.2,-30307.5,383329.3,822958.4,251427.38,142949.69,-48009.19
439,920670.6,17341.71,400913.6,901053.2,288555.0,204457.66,-45468.855
440,968221.5,30244.273,430799.1,935038.5,280678.9,217415.25,-33858.5
441,1042479.1,75505.945,467970.03,1028874.0,303590.12,274842.38,-21262.133
442,1254327.2,129393.1,607648.6,1103127.6,286640.6,319778.6,45668.883
443,1435395.2,190441.38,712768.8,1209655.2,305284.16,386738.03,107934.71
444,1644416.0,239981.9,849065.7,1257128.0,274509.16,433915.66,195436.5
445,1704806.2,307767.2,826227.1,1449453.4,374319.5,541807.4,207178.62
446,1797654.1,382798.75,820193.1,1629799.0,453443.84,653781.56,233263.31
447,1701215.1,402224.1,669364.94,1829204.1,598351.06,751326.44,163413.22
448,1876874.4,465630.47,744044.1,1924142.0,601499.94,820759.75,226535.56
449,1719726.5,432586.66,582928.4,1929975.9,646003.25,861202.75,152586.66
450,1950463.1,511510.72,713238.4,2030631.0,652217.7,920295.3,232392.53
451,1846106.2,475058.97,613908.4,1981562.0,658774.3,928770.25,176601.81
452,1944475.1,504714.16,704092.44,2046544.5,691733.7,927748.8,216107.19
453,1972696.9,515535.03,716905.4,2052413.0,695461.2,937311.8,225512.66
454,1912330.9,496979.72,660675.1,2007669.2,684952.44,935914.6,201157.66
455,1993319.9,526131.06,710164.8,2034463.5,673322.06,948398.75,232014.72
456,1863715.2,461824.4,669550.56,1933457.4,628466.6,875908.06,182419.19
457,1764549.4,396320.5,681638.44,1835206.2,577042.44,770222.25,146010.47
458,1852936.8,356909.47,821705.06,1660016.6,425315.44,665730.75,185770.53
459,1776685.1,310592.5,809981.9,1559521.0,410716.78,579725.4,150178.69
460,1742914.8,272564.38,835402.44,1412747.8,350729.03,487353.53,146586.0
461,1756814.2,269826.1,865113.2,1335185.6,319432.3,450701.28,168953.4
462,1691941.4,287091.03,804029.5,1378967.0,378750.94,469558.1,146058.28
463,1695759.1,298803.06,808563.8,1359661.5,374357.88,482253.53,173259.9
464,1702600.8,319103.7,792701.56,1399752.8,393779.06,527842.06,188126.88
465,1688873.4,327995.38,765293.75,1454536.4,428131.53,567154.94,178029.81
466,1685983.4,336907.72,744071.5,1522746.2,463656.1,602680.7,176433.22
467,1738568.5,353179.84,771200.75,1544836.2,458311.1,623863.4,207413.31
468,1711931.0,371102.34,729634.4,1604126.6,527256.3,669159.9,196804.97
469,1734269.1,381912.28,752883.1,1596565.5,540000.44,678078.5,200417.75
470,1728821.1,371477.0,752502.9,1591845.1,546860.9,662380.4,182117.1
471,1753524.6,345626.88,792825.1,1531506.6,513339.1,608783.5,176312.5
472,1757777.6,331803.56,817167.3,1463857.4,493040.53,572408.5,180090.44
473,1735945.2,312278.84,834631.4,1365731.8,460441.78,532212.75,173814.53
474,1616754.6,262055.28,779912.5,1276249.1,441506.84,462543.28,122305.63
475,1483662.0,228628.81,711165.3,1199153.5,432927.9,414335.06,89235.82
476,1432329.8,195899.53,704906.94,1074150.8,374057.7,359683.78,96852.77
477,1304192.5,178773.31,616867.75,1058802.5,396453.3,349792.66,61808.945
478,1227790.8,132700.19,574077.4,988080.0,364478.6,298789.16,50069.742
479,1147040.8,108120.414,526103.25,937433.7,358151.03,268641.88,36275.773
480,1055406.5,73954.49,464608.03,882815.25,340590.53,240334.06,17315.336
481,945908.5,9148.625,385239.78,806548.6,293875.97,176637.69,-16504.75
482,837583.56,-35248.91,305728.22,750770.9,280511.84,133534.72,-55471.17
483,774063.25,-63522.0,265238.06,678130.8,260619.56,93536.46,-75445.4
484,718802.9,-74771.97,231871.75,618239.3,254413.4,70345.82,-87604.62
485,714384.94,-72519.61,233178.22,598154.5,255845.94,64532.258,-85849.43
486,713658.94,-65111.902,237374.72,582034.06,253043.75,63445.977,-78956.234
487,715591.2,-57817.305,242711.84,577778.6,251083.97,69763.27,-70067.914
488,700940.3,-57869.355,235599.78,563515.2,240502.88,69575.32,-64419.406
489,684735.0,-59051.996,229811.12,546980.1,230989.22,69128.77,-55336.957
490,645810.56,-66051.05,212945.66,499751.72,216043.72,56122.758,-51392.324
491,601078.44,-71109.36,195215.94,443725.97,201858.06,38875.367,-45463.746
492,558864.5,-71033.64,180428.84,389796.12,185326.31,24498.852,-34731.76
493,557342.4,-55990.88,190483.94,370765.88,180020.97,27747.734,-16510.57
